capBac,congTy,diaDiem,hanNopCV,hinhThuc,kinhNghiem,linkCV,linkCongTy,luong,moTa,nganhNghe,phucLoi,skills,soLuong,tenCV,yeuCau
Senior,Công ty Cổ phần Phần mềm Devwork,Hồ Chí Minh,2023-10-15,Full-time,4,https://devwork.vn/viec-lam/11758/fullstack-nodejs-reactjs-(onsite-tan-binh),https://devwork.vn/cong-ty/4505/cong-ty-co-phan-phan-mem-devwork,"(['25-35 triệu'],)","Tham gia phát triển dự án làm tại văn phòng Khách hàng,
Chịu trách nhiệm xây dựng tính năng, giao diện sản phẩm theo yêu cầu được giao",Fullstack,"(['- Không cần thử việc, có việc làm chính thức hưởng 100% lương', '\n- Cơ hội onsite và làm việc với khách hàng lớn, công nghệ tiên tiến, khả năng tự phát triển...', '\n- Cơ hội làm việc nhóm với nhiều chuyên gia hàng đầu trong lĩnh vực CNTT trong nước và quốc tế.', '\n- Cơ hội thực hiện các dự án đầy tham vọng ở nhiều quốc gia, tiếp xúc với các công nghệ mới nhất và học hỏi từ những đồng nghiệp giỏi.', '\n- Làm việc trong môi trường trẻ, năng động, hiện đại và đa văn hóa; Các hoạt động truyền thông, sự kiện vào các ngày lễ diễn ra thường xuyên.', '\n- Cơ hội thăng tiến theo năng lực với mức tăng cấp bậc và tăng lương tương ứng.', '\n- Được quyền tham gia các khóa đào tạo kỹ năng mềm (tư duy logic, tư duy sáng tạo, kỹ năng giao tiếp, kỹ năng quản lý dự án, kỹ năng đàm phán…) và các lớp học tiếng Nhật.', '\n- Và nhiều quyền lợi hấp dẫn khác...'],)","(['NodeJS', 'ReactJS'],)",1,"Fullstack Nodejs, Reactjs (onsite Tân Bình)","Có trên 4 năm kinh nghiệm lập trình Reactjs, Nodejs,
Thành thạo HTML/CSS, Bootstrap,
Có kiến thức về các hệ thống cloud (private cloud),
Tiếng Anh giao tiếp tốt"
Senior,Công ty Cổ phần Phần mềm Devwork,Hà Nội,2023-10-14,Full-time,6,https://devwork.vn/viec-lam/11755/java-senior-(hybrid),https://devwork.vn/cong-ty/4505/cong-ty-co-phan-phan-mem-devwork,"(['30-40 triệu'],)","Build software according to the requirements of the Company and the Customer.,
Research and bring research results as required,
Perform other duties as assigned by the head of department.","(None,)","(['- No need to try a job, get an official job with 100% salary', '\n- Opportunities onsite and working with big customers, advanced technology, self-development...', '\n- The opportunity to work in groups with many leading experts in the field of domestic and international IT.', '\n- Opportunity to implement ambitious projects in many countries, exposure to the latest technologies and learn from good colleagues.', '\n- Working in a young, vibrant, modern and multicultural environment; Communication activities and events on holidays take place regularly.', '\n- Opportunity for advancement based on ability with corresponding increase in rank and salary increase.', '\n- Have the right to participate in soft skills training courses (logical thinking, creative thinking, communication skills, project management skills, negotiation skills…) and Japanese language classes.', '\n- And many other attractive benefits...'],)","(['Java'],)",1,Java Senior (Hybrid),"- Proficient in English,
- Bachelor’s or master’s degree in engineering - Computer Science, Software Engineering or equivalent discipline.,
- 5+ years of hands-on development experience, primarily using Java.,
- Good at the logic algorithm (can live coding),
- Experience and knowledge of databases – both relational and NoSQL.,
- Working knowledge of Java, Spring, Hibernate, REST, XML, JSON, Message Queues, databases – both relational and non-relational.,
- Working knowledge of distributed messaging and streaming platforms, such as Apache Kafka Streams as well as dealing with unbounded data.,
- Comprehensive understanding of software systems, including the compiler/JVM/garbage collection, distributed systems, optimizers and compilers.,
- Understanding of the TCP stack and MQTT/HTTP based protocols.,
- Knowledge and hands-on experience in docker development and deployments such as Kubernetes.,
- Knowledge of one of the major cloud providers(Azure/AWS/GCP).,
- Knowledge of CI/CD based workflow"
Middle,Devwork Client,Hồ Chí Minh,2024-04-30,Full-time,3,https://devwork.vn/viec-lam/11799/sales-staff,https://devwork.vn/cong-ty/3128/devwork-client,"(['20-30 triệu'],)","Account manage and seek opportunities in the Vietnam market for all existing UNIT customers / partners in the BSFI and Enterprise Sector to further onsell UNIT business solutions and services.,
Develop and implement account management plan for strategic assigned customers as directed by the line manager,
Build up and effectively manage continuous pipeline to ensure stable business generation. ,
Liase with the Technical/BU team and partners and related departments to prepare proposals for customers. ,
Follow up to ensure the deals are properly managed, closed, contracts/POs are properly signed off to avoid unnecessary risk.,
Coordinate and cooperate with related departments to ensure projects are running smoothly. ,
Follow up with customer until final completion and act as main contract point for problem solving with the customers/partners where applicable.,
Ensure all transactions strictly complied with group/company policies & procedures and local legislation.,
Achieve yearly KPI as agreed with the line manager","(None,)","(['12 days annual leave + 3 days sick leave + 1 day birthday leave', '\nEnd of year party', '\nCompetitive Salary with benefits', '\n13th month salary bonus', '\nSales performance commission', '\nHealth Care', '\nMid-year company trip', '\nMonthly Team building', '\nIntroduction of latest technology', '\n5 days - working week. ', '\nTraining and Development'],)","(['Sale Man'],)",3,SALES STAFF,"Background for IT Solutions and Services, particularly in the BSFI or Enterprise sectors.,
Good soft skills in; communication, negotiation, problem solving, critical thinking and presentation skills,
Some legal knowledge as it relates to business transactions.,
Team player, positive attitude and reliable,
,
Education,
Bachelor’s Degree in a Business, Computing, Economics, or related subject. ,
,
Language skills:,
Vietnamese (Fluent Native),
English – Good written and Oral Skills"
Senior,Devwork Client,Hồ Chí Minh,2024-04-30,Full-time,3,https://devwork.vn/viec-lam/11803/sale-manager,https://devwork.vn/cong-ty/3128/devwork-client,"(['30-40 triệu'],)","Account manage and seek opportunities in the Vietnam market for all existing UNIT customers / partners in the BSFI and Enterprise Sector to further onsell UNIT business solutions and services.,
Develop and implement account management plan for strategic assigned customers as directed by the line manager,
Build up and effectively manage continuous pipeline to ensure stable business generation.,
Liase with the Technical/BU team and partners and related departments to prepare proposals for customers.,
Follow up to ensure the deals are properly managed, closed, contracts/POs are properly signed off to avoid unnecessary risk.,
Coordinate and cooperate with related departments to ensure projects are running smoothly.,
Follow up with customer until final completion and act as main contract point for problem solving with the customers/partners where applicable.,
Ensure all transactions strictly complied with group/company policies & procedures and local legislation.,
Achieve yearly KPI as agreed with the line manager",Fullstack,"(['12 days annual leave + 3 days sick leave + 1 day birthday leave', '\nEnd of year party', '\nCompetitive Salary with benefits', '\n13th month salary bonus', '\nSales performance commission', '\nHealth Care', '\nMid-year company trip', '\nMonthly Team building', '\nIntroduction of latest technology', '\n5 days - working week.', '\nTraining and Development'],)","(['Sale Man'],)",1,Sale Manager,"Background for IT Solutions and Services, particularly in the BSFI or Enterprise sectors.,
Good soft skills in; communication, negotiation, problem solving, critical thinking and presentation skills,
Some legal knowledge as it relates to business transactions.,
Team player, positive attitude and reliable,
Minimum 3 years of sales management experience,
Good English,
Education,
Bachelor’s Degree in a Business, Computing, Economics, or related subject."
Middle,STACK TECH COMPANY LIMITED,Hồ Chí Minh,2023-11-04,Full-time,3,https://devwork.vn/viec-lam/11815/investment-manager,https://devwork.vn/cong-ty/458/stack-tech-company-limited,"(['30-40 triệu'],)","1. Chịu trách nhiệm về công tác đầu tư các dự án đầu tiên của công ty;,
2. Chịu trách nhiệm thu thập và sàng lọc thông tin, đàm phán kinh doanh, thiết kế cơ cấu giao dịch và ký kết thỏa thuận đầu tư đối với các dự án giai đoạn đầu;,
3. Chịu trách nhiệm xem xét phê duyệt dự án, lập báo cáo nghiên cứu khả thi, đánh giá rủi ro, thực hiện đầu tư và quản lý sau đầu tư đối với các dự án đầu tư ban đầu;,
4. Chịu trách nhiệm hoạch định phương pháp rút lui, tìm kiếm cơ hội và nguồn lực rút lui, chuẩn bị các đề xuất rút lui và tổ chức các hoạt động rút lui cụ thể.",Data Engine,"(['Thử việc:  100% lương cơ bản, 20% lương thưởng theo performance hang thang', '\nLương tháng 13', '\nĐóng BHXH theo quy định của Nhà nước', '\nLàm việc trong môi trường với những người trẻ, năng động, máu lửa và nhiệt huyết trong công', '\nviệc, phát huy tối đa năng lực và sự sáng tạo của nhân viên', '\nCác phúc lợi khác:  team building, có phòng gym riêng , event của công ty.', '\nReview tăng lương 01lần/ năm.', '\nLàm việc từ thứ 2 - thứ 6, và 2 thứ bảy/ tháng'],)","([],)",1,Investment manager,"1. Có bằng thạc sĩ trở lên về tài chính, tài chính, kinh tế, quản lý và các chuyên ngành liên quan khác, tốt nghiệp các trường đại học uy tín trong và ngoài nước.,
2. Có trên 2 năm kinh nghiệm đầu tư thiên thần và liên quan đến FA, am hiểu thị trường vốn trong và ngoài nước, có khả năng liên kết hiệu quả các nguồn lực mạng lưới với các nền tảng khác nhau và có các kênh dự án ổn định;,
3. Ứng viên có kinh nghiệm làm việc tại các tổ chức đầu tư thiên thần và tổ chức FA nổi tiếng quốc tế sẽ được ưu tiên;,
4. Lạc quan và có động lực, có khả năng kết nối hiệu quả những người có hoàn cảnh khác nhau và có các kênh dự án ổn định;,
5. Làm quen với hoạt động kinh doanh, quy trình và mô hình làm việc đầu tư giai đoạn đầu, có kiến ​​thức cơ bản nhất định về tài chính, pháp lý và có khả năng độc lập thực hiện đầu tư vốn cổ phần và quản lý sau đầu tư;,
6. Am hiểu về năng lượng, bảo vệ môi trường, dịch vụ tiêu dùng và các lĩnh vực khác, đồng thời có khả năng phân tích toàn diện về sự phát triển của ngành, tình hình thị trường, đặc điểm kỹ thuật và các công ty hàng đầu;,
7. Có kỹ năng viết tốt, có khả năng độc lập hoàn thành các báo cáo thẩm định, báo cáo đầu tư và kế hoạch kinh doanh, có khả năng học hỏi cao, có tinh thần trách nhiệm và nhiệt tình với công việc;,
8. Tư duy nhanh nhẹn, giao tiếp tốt, có duyên, có hình ảnh và khí chất tốt,
9. Yêu cầu thông thạo nghe, nói và viết tiếng Anh"
Junior,CÔNG TY CỔ PHẦN DỊCH VỤ GOLF VIỆT NAM,Hà Nội,2023-11-10,Full-time,2,https://devwork.vn/viec-lam/11830/back-end-(nodejs),https://devwork.vn/cong-ty/11938/cong-ty-co-phan-dich-vu-golf-viet-nam,"(['15-25 triệu'],)","- Trực	tiếp	tham	gia	phát	triển	một	hoặc	nhiều	sản	phẩm	chiến	lược	của	công	ty,
- Tham	gia	xây	dựng	các	ứng	dụng	có	khả	năng	scaling	tốt,	performance	cao,	có	UI/UX	tốt	cho	người	,
dùng.,
- Viết	code	theo	standard	và	best	practice	của	team	về	style,	performance	đảm	bảo	code	clean,	dễ	mở	,
rộng	và	bảo	trì.,
- Tham	gia	quá	trình	hỗ	trợ	khách	hàng,	sửa	lỗi	sản	phẩm	đảm	bảo	khách	hàng	có	trải	nghiệm	tốt	với	ứng	,
dụng",Backend,"(['- Mức\tlương\thấp\tdẫn,\ttương\txứng\tvới\tnăng\tlực\tvà\thiệu\tquả\tlàm\tviệc\t(Mức\tlương\t12-25tr).', '\n- Được\tlàm\tviệc\tvới\tcác\tcông\tnghệ\tmới\tnhất,\thot\ttrend:\tCloud\tComputing,\tServerless.\tChỉ\tcần\ttập\ttrung\t', '\nvào\tviết\tcode,\tkhông\tphải\tlo\tnghĩ\tvề\tcơ\tsở\thạ\ttầng.', '\n- Tham\tgia\txây\tdựng\thệ\tthống\tlớn,\tscalable\tcho\thàng\ttrăm\tnghìn\tkhách\thàng.', '\n- Đóng\tgóp\txây\tdựng\tnhững\tsản\tphẩm\ttop\tđầu\tthị\ttrường.', '\n- Được\tcung\tcấp\tthiết\tbị\tlàm\tviệc\tđầy\tđủ,\thiện\tđại.', '\n- Được\thưởng\tđầy\tđủ\tchế\tđộ\tphúc\tlợi\tnhư\tBHXH,\tthưởng\tlễ\tTết,\tlương\ttháng\t13,\tdu\tlịch\thàng\tnăm…', '\n- Phụ\tcấp\tgửi\txe,\tphụ\tcấp\tđi\tlại\ttheo\tquy\tđịnh,\tđóng\tgói\tBH\ty\ttế\tcao\tcấp,..', '\n- Văn\tphòng\tlàm\tviệc\ttiện\tnghi;\tcung\tcấp\ttrà,\tcafe\tvà\tcó\ttủ\tđồ\tăn\tuống,\tbánh\tkẹo\thàng\tngày.', '\n- Thời\tgian\tlàm\tviệc:\tThứ\t2\t- Thứ\t6 (làm\t2\tThứ\t7\ttrong\t1\ttháng).\tNghỉ\tCN\tvà\tcác\tngày\tlễ\ttheo\tquy\tđịnh\tcủa\t', '\nNhà\tnước.\tHưởng\tthêm\t12\tngày\tnghỉ\tphép.', '\n- Tham\tgia\tcác\tCLB\tchạy,\tđá\tbóng,\tboardgame,\tvăn\tnghệ\t…\tsau\tgiờ\tlàm\tviệc.', '\n- Được\tlàm\tviệc\ttrong\tmôi\ttrường\ttrẻ\ttrung,\tnăng\tđộng,\tnhiệt\ttình,\tchủ\tyếu\tlà\t9x\tvà\t2k,\tcó\tnhiều\tcơ\thội\t', '\nthăng\ttiến.', '\n- Cơ\thội\tđược\tthể\thiện\tvà\tphát\thuy\tnăng\tlực\tcủa\tbản\tthân,\ttham\tgia\thoạt\tđộng\tWorkshop\ttrao\tđổi\tchuyên\t', '\nmôn\tthường\txuyên\tcùng\tđội\tnhóm\tđể\tnăng\tcao\tkiến\tthức,\tnăng\tlực.', '\n- Được\ttham\tgia\tcác\tkhóa\thọc\tđào\ttạo\tvề\tkỹ\tnăng\tphát\ttriển\tcon\tngười\tvà\tkỹ\tnăng\tchuyên\tmôn.', '\n- Hưởng\tchế\tđộ\tphúc\tlợi\tkhác\ttheo\tquy\tđịnh\tcủa\tcông\tty\t(thăm\thỏi\tốm,\tđám\tcưới,\tthai\tsản…).'],)","(['NodeJS'],)",2,BACK-END (NODEJS),"- Trên	2 năm	kinh	nghiệm	làm	việc	với	NodeJS	(bắt	buộc),
- Ứng	viên	có	đức	tính	tỉ	mỉ	trong	công	việc	làm	product,	đặt	chất	lượng	sản	phẩm	và	trải	nghiệm	người	,
dùng	là	ưu	tiên	hàng	đầu.,
- Có	kinh	nghiệm	làm	việc	với	mô	hình	Agile;	làm	việc	với	Database	NoSQL:	MongoDB	hoặc	Firestore.,
- Có	kinh	nghiệm	với	điện	toán	đám	mây,	một	trong:	Google	Cloud,	Firebase,	AWS,	kiến	trúc	hệ	thống	,
microservice	là	một	lợi	thế.,
- Khả	năng	đọc	hiểu	Tiếng	Anh	tốt,	ham	tìm	tòi	kiến	thức	mới	là	một	điểm	cộng.,
- Ưu	tiên	ứng	viên	độ	tuổi	từ	23	- 30.,
- Có	kỹ	năng	làm	việc	đội	nhóm,	quản	lý	thời	gian	tốt	và	có	trách	nhiệm	với	công	việc."
Junior,Công ty Cổ phần Phần mềm Devwork,Hà Nội,2023-11-11,Full-time,2,https://devwork.vn/viec-lam/11834/ios-developer-(onsite-hoan-kiem),https://devwork.vn/cong-ty/4505/cong-ty-co-phan-phan-mem-devwork,"(['15-20 triệu'],)","- Xây dựng ứng dụng cho nền tảng iOS (Swift),
- Đảm bảo hiệu suất chất lượng, khả năng đáp ứng của các ứng dụng,
- Tối ưu ứng dụng ở mức độ code để mang lại trải nghiệm mượt mà, ít lỗi cho người dùng,
- Nhận định, xử lý lỗi, giải quyết bug và cải thiện hoạt động của ứng dụng,
- Duy trì, hỗ trợ, nâng cấp các ứng dụng dịch vụ đã phát triển của Công ty,
- Báo cáo và thực hiện các công việc theo yêu cầu của cấp quản lý",Mobile Apps,"(['Trợ cấp onsite 100k/ ngày, Nhận 100% lương ngay từ tháng đầu tiên', '\n- Không cần thử việc, đóng đầy đủ bảo hiểm theo luật lao động Việt Nam (BHXH, BHYT, BHTN) sau 2 tháng.', '\n- Thưởng kết nối: thưởng 3~10 triệu khi giới thiệu được bạn bè, người quen vào công ty.', '\n- 06 tháng đánh giá hiệu suất làm việc một lần, tương ứng với kì review lương dựa trên năng lực và hiệu suất làm việc.', '\n- Thưởng thâm niên, thưởng dự án, thưởng lương tháng 13, thưởng hiệu quả công việc vào cuối năm.', '\n- Trợ cấp thai sản cho nhân viên nữ.', '\n- Tham gia các hoạt động của công ty: teambuilding, du lịch, nghỉ dưỡng và các hoạt động khác.', '\n- Cơ hội onsite và làm việc với các khách hàng lớn, công nghệ tiên tiến, phát triển bản thân...', '\n- Cơ hội thăng tiến dựa trên năng lực tương ứng với tăng bậc và tăng lương tương xứng.', '\n- Được tham gia các khoá đào tạo kỹ năng mềm (tư duy logic, tư duy sáng tạo, kỹ năng giao tiếp, kỹ năng quản trị dự án, kỹ năng đàm phán…) và các lớp học tiếng Nhật, tiếng Anh'],)","(['iOS'],)",1,IOS Developer (Onsite Hoàn Kiếm),"- Kinh nghiệm lập trình iOS từ 2 năm,
- Sử dụng thành thạo Object C, Swift ,
- Sử dụng thành thạo storyboard, Auto layout, swiftUI,
- Sử dụng thành thạo các framework: UIKit, StoreKit, CFNetwork, CoreData, MessageUI…,
- Sử dụng thành thạo SQLLite, Coredata, XML, JSon và các giao thức kết nối với Server.,
- Có kinh nghiệm làm về Social Networking trên IOS như Facebook, Twitter...và các loại quảng cáo như iAD, Admob...,
- Có kinh nghiệm làm về các ứng dụng call video trực tuyến là một lợi thế."
Junior,CÔNG TY CP CÔNG NGHỆ ECRM.VN,Nghệ An,2023-11-12,Full-time,1,https://devwork.vn/viec-lam/11837/tuyen-dung-tester-leader,https://devwork.vn/cong-ty/267/cong-ty-cp-cong-nghe-ecrm.vn,"(['15-20 triệu'],)","- Lập kế hoạch Test, phân tích tài liệu, thiết kế Test Case, chạy Test Case.,
- Theo dõi, tổng hợp, đánh giá, báo cáo kết quả Test cho các bên liên quan,
- Thực hiện các công việc khác theo sự phân công của Quản lý trực tiếp.,
- Quản lý đội nhóm phụ trách",Tester / QA / QC,"(['- Mức lương khởi điểm từ 12 - 20 triệu tùy theo năng lực và vị trí công việc.', '\n- Được tổ chức sinh nhật, nghỉ lễ, và hưởng quyền lợi theo Luật lao động.', '\n- Cơ hội tham gia các khóa đào tạo, nâng cao nghiệp vụ chuyên nghiệp hoàn toàn miễn phí theo tiêu chuẩn của công ty.', '\n- Môi trường làm việc năng động'],)","(['QA', '\n                      QA\n                    ', '\n                      QC\n                    '],)",1,Tuyển Dụng Tester Leader,"- Tốt nghiệp đại học - cao đẳng chuyên nghành Công nghệ thông tin hoặc tương đương.,
- Yêu cầu > 1 năm kn ở vị trí tương đương,
- Có hiểu biết về quy trình phần mềm.,
- Khả năng đọc - hiểu và phân tích yêu cầu dự án,
- Xác định được scope test và công việc cần phải làm.,
- Biết sử dụng 1 vài tool quản lý bug.,
- Có khả năng report báo cáo tình trạng và test độ test trong dự án.,
- Yêu thích công việc, ham học hỏi, có tinh thần trách nhiệm cao, tỉ mỷ, cẩn thận.,
- Có khả năng xây dựng, quản lý và giúp đỡ những người mới"
Junior,CÔNG TY CP CÔNG NGHỆ ECRM.VN,Nghệ An,2023-11-12,Full-time,1,https://devwork.vn/viec-lam/11836/tuyen-dung-team-lead,https://devwork.vn/cong-ty/267/cong-ty-cp-cong-nghe-ecrm.vn,"(['25-30 triệu'],)","- Tham gia lên kế hoạch, đảm bảo tiến độ, chất lượng của dự án cùng PM.,
- Hỗ trợ team Dev giải quyết các vấn đề khó khăn trong phát triển sản phẩm.,
- Phối hợp cùng các team BA, Tester, Support đảm bảo quá trình phát triển sản phẩm.,
- Check công việc, chất lượng code của member trong team. Sẵn sàng tham gia hỗ trợ nhân sự trong quá trình triển khai tính năng",Fullstack,"(['- Mức lương cơ bản từ  20-30 triệu tùy theo năng lực và vị trí công việc:', '\n- Sẽ được trao đổi mức lương cụ thể khi phỏng vấn.', '\n- Được tổ chức sinh nhât, nghỉ lễ, nghỉ phép và hưởng quyền lợi theo Luật lao động.', '\n- Đồng nghiệp và môi trường làm việc năng động', '\n- Cơ hội được học tập và đào tạo nội bộ về các kỹ năng trong công việc.'],)","(['ASP.NET', '\n                      ASP.NET\n                    ', '\n                      C#\n                    '],)",1,Tuyển Dụng Team Lead,"- Tốt nghiệp Đại Học chuyên ngành Công nghệ thông tin, Điện tử viễn thông hoặc các ngành tương đương...,
- Thành thạo ngôn ngữ lập trình c#, dotnet (core) framework,
- Có kinh nghiệp về lập trình với React/Vue/Angular,
- Yêu thích công việc lập trình, đam mê công nghệ thông tin,
- Có khả năng tư duy hệ thống, tìm tòi, học hỏi nhanh, làm việc độc lập, làm việc nhóm, chủ động trong công việc.,
- Có trách nhiệm cao trong công việc, sẵn sàng thu xếp thời gian để hoàn thành công việc theo yêu cầu dự án"
Middle,Công ty Cổ phần Phần mềm Devwork,Hồ Chí Minh,2023-11-15,Full-time,1,https://devwork.vn/viec-lam/11845/junior-php-(onsite-tan-binh)_la,https://devwork.vn/cong-ty/4505/cong-ty-co-phan-phan-mem-devwork,"(['10-15 triệu'],)","- Chịu trách nhiệm hoàn thành công việc, đảm bảo chất lượng.,
- Làm việc, phối hợp công việc theo nhóm dưới sự phân công công việc của cấp trên.,
- Đóng góp ý kiến xây dựng và cải tiến sản phẩm.",Backend,"(['- Không cần thử việc, nhận làm chính thức hưởng 100% lương và được đóng đầy đủ bảo hiểm theo luật lao động Việt Nam (BHXH, BHYT, BHTN) ngay từ ngày onboard.', '\n- Trợ cấp 100k/ngày', '\n- Thưởng theo thâm niên, dự án, lương tháng 13, hiệu quả công việc vào cuối năm.', '\n- Tham gia các hoạt động của công ty: Liên hoan tháng, quý, teambuilding, du lịch, nghỉ dưỡng và các hoạt động khác.', '\n- Làm việc với hệ thống lớn và tiên tiến, có cơ hội phát triển kỹ năng công nghệ toàn diện với các bài toán phức tạp, yêu cầu độ chính xác cao.', '\n- Đánh giá năng lực, hiệu suất làm việc 2 lần trong năm.', '\n- Cơ hội thăng tiến dựa trên năng lực tương ứng với tăng bậc và tăng lương tương xứng.', '\n- Cơ hội triển khai các dự án tham vọng ở nhiều quốc gia, tiếp xúc với những công nghệ mới nhất và học hỏi từ những đồng nghiệp giỏi.', '\n- Được tham gia các khoá đào tạo kỹ năng: AWS, Microservice, ngoại ngữ (tiếng Anh, tiếng Nhật)…'],)","(['PHP'],)",1,Junior PHP (onsite Tân Bình)_LA,"- Trên 1 năm kinh nghiệm PHP ,
- Có kinh nghiệm Drupal,
-  English (Reading, Writing)"
Senior,Công ty Cổ phần Phần mềm Devwork,Hồ Chí Minh,2023-11-16,Full-time,7,https://devwork.vn/viec-lam/11854/senior-manager-servicenow-coe-(onsite-q1-hcm),https://devwork.vn/cong-ty/4505/cong-ty-co-phan-phan-mem-devwork,"(['30-40 triệu'],)","PURPOSE,
•	Implements computer system requirements by defining and analyzing system problems, designing and testing standards and solutions,
•	Develop solution by preparing and evaluating alternative workflow solutions.,
•	Interact with users for collecting requirements and providing technical solutions,
•	Provide guidance for junior developers to complete tasks,
•	Get used to the Agile development process and reach the goal of each sprint,
•	Implement the requirements by defining and analyzing system problems; designing and testing standards and solutions.,
KEY ACCOUNTAIBILITIES,
•	Designs and delivers ServiceNOW solutions with a technical architecture designed for long term success and following ServiceNOW technical standards and leading practices.,
•	Assess the organization’s current processes and define future-state processes, work closely with Architects within the organization.,
•	Provide oversight and unit testing of code developed by a partner or internal employees. Ready to deliver the code hands-on if needed.,
•	Review business processes to map and take advantage of the ServiceNOW platform capabilities to improve business processes.,
•	  The ability to find solutions to complex issues, including identifying the problem, gathering requirements, analyzing the situations, evaluating possible solutions, and choosing the best course of action to solve the problem. Should be able to troubleshoot the technical issue.,
•	  Guides business stakeholders and teams in completing required documentation such as business requirement documents for technical aspects of the solution. ,
•	  Responsible for writing the solution design document, so that developers can follow and deliver it.","(None,)","(['- No probationary period, receive 100% official salary, Onsite allowances 100.000 VND/day', '\n- Opportunities onsite and working with big customers, advanced technology, self-development...', '\n- The opportunity to work in groups with many leading experts in the field of domestic and international IT.', '\n- Opportunity to implement ambitious projects in many countries, exposure to the latest technologies and learn from good colleagues.', '\n- Working in a young, vibrant, modern and multicultural environment; Communication activities and events on holidays take place regularly.', '\n- Opportunity for advancement based on ability with corresponding increase in rank and salary increase.', '\n- Have the right to participate in soft skills training courses (logical thinking, creative thinking, communication skills, project management skills, negotiation skills…)', '\n- And many other attractive benefits...'],)","(['WindowsServer'],)",1,"Senior Manager, ServiceNow COE (onsite Q1, HCM)","NEED TO DO,
KEY PERFORMANCE INDICATORS,
•	Drive ServiceNow related changes with a high rate of successful.,
•	Ensures compliance with standards, procedures and processes.,
•	Establishment of measurements and targets to improve process effectiveness and efficiency.,
•	Support projects and efforts that have a broad impact across the organization related to Service Management implementation.,
EXTERNAL & INTERNAL CONTACTS,
•	Group Head of Infrastructure and Cloud Technologies,
•	One Cloud Team,
•	Head of Service Management.,
•	Service Level Manager.,
•	IT Service Management.,
•	IT and stakeholders of Business Units.,
•	IT teams of Group Shared Services.,
•	Countries/Business Units.,
•	Vendors and/or Service Providers.,
NEED TO KNOW,
QUALIFICATIONS / EXPERIENCE,
•	8+ years’ experience with technical solution design and delivery of ServiceNow solutions,
•	Minimum 5 years’ experience in IT Service Management, preferably in Finance institution, Insurance industry, IT Shared Services or consulting firms.,
•	Experience with ServiceNOW technologies, especially in ITSM/CMDB/ITOM/ITAM,
CERTIFICATIONS ,
•	ITIL V3/V4 Certification.,
•	Certified as ServiceNow – System Administrator (CSA),
•	Certified as ServiceNow – Application Developer (CAD),
•	Certified Implementation Specialist (CIS) – ITSM,
•	Micro certificate – Integration Hub fundamentals,
•	CIS – Discovery, CIS – Service Mapping, CIS – Software Asset Management, CIS – Hardware Asset Management will be a plus.,
KNOWLEDGE & TECHNICAL SKILLS,
•	Demonstrating experience working with workflows in one or more key areas of the ServiceNow platform (e.g., ITSM, CSM, ITOM, SecOps),
•	Excellent communication skills (English preferred) and a business centric attitude,
•	Experience with web technologies (XML, HTML, JavaScript, Web services etc), App Engine, Flow Designer, Workflows and working in a SaaS environment.,
•	Experience working with Agile methodologies.,
•	Demonstrated ability with ServiceNow incident, change, problem, request, CMDB and knowledge management applications.,
•	Experience in IT service management,
•	Ability to analyze, troubleshoot and resolve complex software application related problems.,
•	Applies standard methodology, techniques, procedures and criteria.,
•	Ability to analyze raw results, determine/resolve bottlenecks, and create meaningful documentation of testing scenarios and results.,
•	Up-to-date knowledge of marketplace and technology changes pertinent to ServiceNow, monitoring tools, and ITIL processes.,
•	Experience troubleshooting integration. management, security, and application issues."
Junior,JTS VIETNAM COMPANY LIMITED,Hà Nội,2024-03-24,Full-time,2,https://devwork.vn/viec-lam/11812/hanh-chinh-nhan-su-co-tieng-nhat,https://devwork.vn/cong-ty/457/jts-vietnam-company-limited,"(['15-20 triệu'],)","Tổng vụ: Nghe điện thoại, tiếp đón khách đến văn phòng, biên-phiên dịch, đặt hẹn- mua hàng, kinh doanh và các hoạt động nội bộ trong doanh nghiệp,
Kế toán: Hợp đồng- yêu cầu thanh toán, thanh toán nội bộ công ty, thuế-bảo hiểm xã hội, liên hệ với công ty tư vấn,
Kinh doanh: Khai thác khách hàng mới, quảng bá- tuyên truyền, điều tra thị trường,
Bối cảnh tuyển dụng: Để mở rộng kinh doanh, chúng tôi đang tìm kiếm các thành viên có thể làm nhân viên hành chính (tổng hợp/kế toán) và kinh doanh","(None,)","(['+ Mức lương: ~850 USD Thỏa thuận (thử việc 02 tháng)', '\n+ Thứ bảy, chủ nhật và các ngày lễ, nghỉ riêng của JTS Vietnam, nghỉ Tết, nghỉ có lương và các luật lao động khác của Việt Nam', '\n・Bảo hiểm xã hội', '\n・Kiểm tra sức khỏe', '\n・Phụ cấp ăn trưa, phụ cấp đi lại, phụ cấp tiếng Nhật, phụ cấp tiếng Anh, phụ cấp chức vụ, phụ cấp kỹ năng CNTT, phụ cấp kỹ năng kế toán', '\n+ Tăng lương 1 năm 1 lần, thưởng Tết 1 năm 1 lần, tiền thưởng theo kỳ dựa theo năng lực kinh doanh', '\n+ Du lịch công ty dựa theo thành tính kinh doanh'],)","(['HR', '\n                      HR\n                    '],)",1,Hành chính nhân sự có Tiếng Nhật,"+ Kinh nghiệm: 2 năm,
+ Kỹ năng: Tiếng Nhật N2,
- Tiếng Nhật: hiểu được hội thoại thông thường và hội thoại trong kinh doanh ( liên quan đến vấn đề thuế Việt Nam, bảo hiểm xã hội, từ ngữ chuyên dụng,
kế toán),
- Có thể trao đổi liên hệ qua mail bằng tiếng Nhật với người Nhật,
- Có kinh nghiệm về hành chính nhân sự trên 1 năm tại công ty Nhật hoặc tương đương,
- Có kỹ năng máy tính, phần mềm văn phòng office cơ bản,
- Có kỹ năng quản lý thời gian biểu,
- Chia sẻ thẳng thắn ý kiến cá nhân ( Cần chia sẻ nhiều ý tưởng kinh doanh),
Đối tượng,
- Hiểu rõ về tầm quan trọng của thời hạn nộp và chất lượng sản phẩm,
- Muốn áp dụng tiếng Nhật cho công việc,
- Coi trọng làm việc theo nhóm, có tinh thần tương trợ lẫn nhau,
- Có tinh thần tôn trọng với đồng nghiệp,
- Có tinh thần dám thử thách với nhiều công việc,
+ Tuổi: Từ 25 đến 35,
+ Thời gian làm việc: Từ 9h đến 17;30( Từ T2 đến T6),
Được nghỉ ngày T7, CN và ngày lễ,
+ Sơ yếu lý lịch tiếng Nhật (bắt buộc có ảnh),
Bằng cấp, bảng điểm và các chứng chỉ liên quan"
Junior,Công ty Cổ phần Phần mềm Devwork,Hà Nội,2023-11-17,Full-time,2,https://devwork.vn/viec-lam/11857/brse-(onsite-xuan-thuy)_la,https://devwork.vn/cong-ty/4505/cong-ty-co-phan-phan-mem-devwork,"(['25-30 triệu'],)","Xây dựng phần mềm theo yêu cầu của Công ty và Khách hàng.,
Nghiên cứu và đưa ra kết quả nghiên cứu theo yêu cầu,
Thực hiện các nhiệm vụ khác theo sự phân công của trưởng bộ phận",Bridge Engineer,"(['- K thử việc , Nhận 100% lương ngay từ tháng đầu tiên', '\n- Trợ cấp onsite 100k/ngày', '\n- Thưởng kết nối: thưởng 3~10 triệu khi giới thiệu được bạn bè, người quen vào công ty.', '\n- 06 tháng đánh giá hiệu suất làm việc một lần, tương ứng với kì review lương dựa trên năng lực và hiệu suất làm việc.', '\n- Thưởng thâm niên, thưởng dự án, thưởng lương tháng 13, thưởng hiệu quả công việc vào cuối năm.', '\n- Trợ cấp thai sản cho nhân viên nữ.', '\n- Tham gia các hoạt động của công ty: teambuilding, du lịch, nghỉ dưỡng và các hoạt động khác.', '\n- Cơ hội onsite và làm việc với các khách hàng lớn, công nghệ tiên tiến, phát triển bản thân...', '\n- Cơ hội thăng tiến dựa trên năng lực tương ứng với tăng bậc và tăng lương tương xứng.', '\n- Được tham gia các khoá đào tạo kỹ năng mềm (tư duy logic, tư duy sáng tạo, kỹ năng giao tiếp, kỹ năng quản trị dự án, kỹ năng đàm phán…) và các lớp học tiếng Nhật, tiếng Anh'],)","(['Bridge Engineer'],)",1,Brse (Onsite Xuân Thủy)_LA,"Kỹ năng nghe, nói, đọc, viết tài liệu kỹ thuật và giao tiếp tốt bằng tiếng Nhật. (Tương đương N2 trở,
lên),
- Có kinh nghiệm quản lý, kiêm BSE ít nhất 2 năm trở lên,
- Có kinh nghiệm trong lĩnh vực IT, ,
- Chủ động và ý thức trách nhiệm cao, sẵn sàng học hỏi, chăm chỉ.,
- Có tư duy hệ thống, tư duy logic tốt, tiếp thu kiến thức mới nhanh, có khả năng đề xuất vấn đề và,
giải quyết vấn đề."
Senior,Công ty cổ phần Vnext Software,Hà Nội,2023-11-29,Full-time,3,https://devwork.vn/viec-lam/11880/sap-basis-consultant,https://devwork.vn/cong-ty/16159/cong-ty-co-phan-vnext-software,"(['30-40 triệu'],)","-Vận hành và quản lý hệ thống SAP cho khách hàng châu Âu,
-Điều tra và phân tích lỗi hệ thống,
-Viết tài liệu kiến trúc hệ thống, giải pháp,
-Nghiên cứu và triển khai các giải pháp tích hợp,
-Dự kiến có thể onsite 2 tháng tại văn phòng khách hàng để nghiên cứu hệ thống,
-Làm việc remote hoặc hybrid theo giờ làm việc của khách hàng.",Backend,"(['Mức lương up to 2100$/tháng (chưa bao gồm thưởng dự án, thưởng lễ tết, và các khoản thưởng khác...);', '\nThu nhập: 13 tháng lương/năm + thưởng dự án, thưởng Tết và các dịp lễ…;', '\nXét tăng lương 2 lần/năm theo năng lực và hiệu quả công việc;', '\nNghỉ thứ 7, Chủ nhật + Nghỉ phép theo Quy định của Pháp luật hiện hành;', '\nĐược tham gia bảo hiểm xã hội, bảo hiểm y tế, bảo hiểm thất nghiệp theo Quy định của Pháp luật hiện hành và quy định công ty;', '\nKhám sức khỏe định kỳ 1 năm/1 lần;', '\nBảo hiểm chăm sóc sức khỏe 24/24 ( PVI Care);', '\nTrợ cấp tiếng Nhật và các chứng chỉ IT liên quan (hình thức: khen thưởng, tăng lương...);', '\nĐược tham gia các Câu lạc bộ của Công ty: CLB Bóng đá, các CLB Game…;', '\nĐược tham gia các hoạt động tập thể sôi động của công ty: Nghỉ mát hàng năm, Teambuilding hàng quý, Gala cuối năm….', '\nĐặc biệt', '\n', '\nĐược hỗ trợ 100% chi phí tham gia các khóa học kỹ năng mềm và các khóa đào tạo chuyên môn, luyện thi các chứng chỉ uy tín trong và ngoài nước;', '\nCơ hội làm việc và đào tạo tại Nhật Bản với các ứng viên có tiếng Nhật;', '\nLàm việc trong môi trường chuyên nghiệp, được hỗ trợ phát huy khả năng, phát triển công việc tối đa.'],)","(['SAP'],)",1,SAP BASIS CONSULTANT,"-Tốt nghiệp đại học chuyên ngành Hệ thống thông tin quản lý/ Lập trình CNTT,
-Có từ 3 năm kinh nghiệm triển khai hoặc vận hành hệ thống SAP S/4 Onpremise/Cloud,
-Có kinh nghiệm triển khai hạ tầng SAP on Cloud,
-Trình độ tiếng Anh giao tiếp (có thể trao đổi, làm việc với khách hàng),
-Có thể làm việc giờ hành chính theo khung giờ UTC +1/Central European Time (CET).,
Ưu tiên ứng viên:,
,
-Ưu tiên ứng viên có chứng chỉ chuyên môn SAP,
-Ưu tiên ứng viên có kỹ năng quản lý."
Middle,Devwork,Hà Nội,2023-12-01,Full-time,4,https://devwork.vn/viec-lam/11883/php-wordpress-developer-(remote)-hcn,https://devwork.vn/cong-ty/360/devwork,"(['25-35 triệu'],)","- Chịu trách nhiệm hoàn thành công việc, đảm bảo chất lượng.,
- Làm việc, phối hợp công việc theo nhóm dưới sự phân công công việc của cấp trên.,
- Lên kế hoạch và đề xuất ý tưởng công việc.,
- Thông tin chi tiết sẽ trao đổi thêm khi phỏng vấn.",Backend,"(['- Mức thu nhập hấp dẫn lên đến 35,000,000 VNĐ.', '\n- Thưởng kết nối: thưởng 1~10 triệu cho bất cứ ai khi giới thiệu được bạn bè, người quen vào công ty.', '\n- Làm việc với hệ thống lớn và tiên tiến, có cơ hội phát triển technical skills toàn diện với các bài toán phức tạp, yêu cầu độ chính xác cao.', '\n- Trở thành một trong những KeyPerson có sức ảnh hưởng trong dự án, cơ hội cao trở thành Leader, Project Manager.', '\n- Tham gia các hoạt động gắn kết nhân sự: các giải Game Online cuối tuần (Half-Life, AOE, Dota2, LOL, Pubg...), Team Building theo tuần, theo tháng, theo dự án.', '\n- Cơ hội thăng tiến dựa trên năng lực tương ứng với tăng bậc và tăng lương tương xứng.', '\n- Cơ hội triển khai các dự án tham vọng ở nhiều quốc gia, tiếp xúc với những công nghệ mới nhất và học hỏi từ những đồng nghiệp giỏi.', '\n- Được tham gia các khoá đào tạo kỹ năng: AWS, Microservice, ngoại ngữ (tiếng Anh, tiếng Nhật)...'],)","(['PHP', 'Wordpress'],)",1,PHP Wordpress Developer (Remote) - HCN,"- Có từ 4 năm về ngôn ngữ lập trình PHP.,
- Tiếng Anh giao tiếp tốt.,
- Thành thạo PHP Framework Wordpress.,
- Có kinh nghiệm làm việc với Mysql, Redis,
- Ưu tiên có kinh nghiệm về ReactJS,
- Kinh nghiệm với các phương pháp phát triển phần mềm Agile.,
- Năng động trong công việc.,
- Có khả năng tự nghiên cứu và làm việc độc lập cũng như làm việc nhóm tốt.,
- Có khả năng làm việc dưới áp lực cao."
Middle,Công ty Cổ phần Phần mềm Devwork,Hà Nội,2023-12-02,Full-time,4,https://devwork.vn/viec-lam/11885/java-developer-(onsite-timecity),https://devwork.vn/cong-ty/4505/cong-ty-co-phan-phan-mem-devwork,"(['25-35 triệu'],)","- Viết code sạch và chất lượng cao,
- Duy trì & cải thiện chức năng vận hành cũng như thiết kế và phát triển hệ thống mới, tính năng mới nếu cần,
- Cung cấp từ đầu đến cuối, bao gồm thử nghiệm đơn vị, thử nghiệm tích hợp và triển khai cho sản phẩm,
- Tham gia review code & kiểm soát tiêu chuẩn chất lượng code,
- Chi tiết công việc sẽ được trao đổi thêm vào buổi phỏng vấn.","(None,)","(['- Phụ cấp onsite 100.000 VND /ngày làm việc.', '\n- Không cần thử việc, nhận làm chính thức hưởng 100% lương và được đóng đầy đủ bảo hiểm theo luật lao động Việt Nam (BHXH, BHYT, BHTN) sau 2 tháng làm việc.', '\n- Thưởng theo thâm niên, dự án, lương tháng 13, hiệu quả công việc vào cuối năm.', '\n- Tham gia các hoạt động của công ty: Liên hoan tháng, quý, teambuilding, du lịch, nghỉ dưỡng và các hoạt động khác.', '\n- Làm việc với hệ thống lớn và tiên tiến, có cơ hội phát triển kỹ năng công nghệ toàn diện với các bài toán phức tạp, yêu cầu độ chính xác cao.', '\n- Đánh giá năng lực, hiệu suất làm việc 2 lần trong năm.', '\n- Cơ hội thăng tiến dựa trên năng lực tương ứng với tăng bậc và tăng lương tương xứng.', '\n- Cơ hội triển khai các dự án tham vọng ở nhiều quốc gia, tiếp xúc với những công nghệ mới nhất và học hỏi từ những đồng nghiệp giỏi.', '\n- Được tham gia các khoá đào tạo kỹ năng: AWS, Microservice, ngoại ngữ (tiếng Anh, tiếng Nhật)…'],)","(['Java'],)",1,Java Developer (Onsite TimeCity),"- Tối thiểu 3.5 năm kinh nghiệm phát triển thực tế về Java và các framework (Spring Framework, Spring boot),
- Có kiến thức tốt về Data Structures và Algorithms,
- Chuyên môn về Database SQL/NoSQL (MySQL, PostgreSQL, MongoDB),
- Có kinh nghiệm với RESTful API, Microservices,
- Làm quen với Redis, Kafka,
- Có kinh nghiệm với Docker/Kubernetes và Cloud Infrastructure là một lợi thế,
- Có kinh nghiệm với mô hình phát triển phần mềm Agile/Scrum"
Senior,Công ty Cổ phần Phần mềm Devwork,Hà Nội,2023-12-03,Full-time,4,https://devwork.vn/viec-lam/11887/php-developer-(onsite-trung-kinh)_la,https://devwork.vn/cong-ty/4505/cong-ty-co-phan-phan-mem-devwork,"(['15-25 triệu'],)","- Chịu trách nhiệm hoàn thành công việc, đảm bảo chất lượng.,
- Làm việc, phối hợp công việc theo nhóm dưới sự phân công công việc của cấp trên.,
- Đóng góp ý kiến xây dựng và cải tiến sản phẩm.",Backend,"(['- Không cần thử việc, nhận làm chính thức hưởng 100% lương và được đóng đầy đủ bảo hiểm theo luật lao động Việt Nam (BHXH, BHYT, BHTN) ngay từ ngày onboard.', '\n- Trợ cấp 100k/ngày', '\n- Thưởng theo thâm niên, dự án, lương tháng 13, hiệu quả công việc vào cuối năm.', '\n- Tham gia các hoạt động của công ty: Liên hoan tháng, quý, teambuilding, du lịch, nghỉ dưỡng và các hoạt động khác.', '\n- Làm việc với hệ thống lớn và tiên tiến, có cơ hội phát triển kỹ năng công nghệ toàn diện với các bài toán phức tạp, yêu cầu độ chính xác cao.', '\n- Đánh giá năng lực, hiệu suất làm việc 2 lần trong năm.', '\n- Cơ hội thăng tiến dựa trên năng lực tương ứng với tăng bậc và tăng lương tương xứng.', '\n- Cơ hội triển khai các dự án tham vọng ở nhiều quốc gia, tiếp xúc với những công nghệ mới nhất và học hỏi từ những đồng nghiệp giỏi.', '\n- Được tham gia các khoá đào tạo kỹ năng: AWS, Microservice, ngoại ngữ (tiếng Anh, tiếng Nhật)…'],)","(['PHP'],)",4,PHP Developer (onsite Trung Kính)_LA,"- Tối thiểu 4 năm kinh nghiệm với Laravel (chỉ làm Laravel hoặc ít nhất là làm PHP liên tục 4 năm trong đó 2 năm gần nhất Laravel, không làm đan xen các ngôn ngữ khác),
- Sử dụng tốt git, docker,
- Xử lý tốt phía giao diện bằng javascript và các thư viện cơ bản: bootstrap, jquery, sass,
- Thành thạo AWS,
- Ưu tiên các ứng viên đã từng làm các dự án outsource cho Nhật"
Senior,Hava a talk,Tokyo,2023-11-04,Full-time,5,https://devwork.vn/viec-lam/11817/plpm,https://devwork.vn/cong-ty/449/hava-a-talk,"(['35-40 triệu'],)","Chúng tôi có thể đảm nhiệm các công việc như phát triển EC Site và dịch vụ Web dành cho BtoC, phát triển hệ thống dựa trên yêu cầu công việc, tạo nội dung Web, phát triển ứng dụng iOS và Android, cũng như thực hiện các loại kiểm thử khác nhau. Chúng tôi sẽ lắng nghe kỹ về những mong muốn và kỹ năng của bạn để giao cho bạn nhiệm vụ phù hợp! Chúng tôi rất hoan nghênh việc phát triển kỹ năng và cung cấp cơ hội thăng tiến, bao gồm cả tham gia vào quy trình phát triển từ giai đoạn đầu và thử sức với việc quản lý trong tương lai.♪,
【Dự án mẫu】,
- Chuyển đổi toàn bộ hệ thống lên đám mây (SaaS) từ on-premise sang cloud,
- Xây dựng trang web hỗ trợ doanh nghiệp gặp gỡ cơ quan địa phương,
- Xây dựng cơ sở dữ liệu thông tin dành cho nhân viên y tế,
- Xây dựng trang web khảo sát cho các phương tiện giao thông,
- Xây dựng công cụ chuyển đổi dữ liệu cho công ty tiếp thị,
Tỷ lệ dự án,
Dự án ký hợp đồng 20%,
Dự án khách hàng 80%,
→ 50%  làm việc tại địa điểm của khách hàng ( làm việc toàn thời gian, Remote  hoặc bán Remote tùy thuộc vào dự án)",Backend,"(['Tuổi từ 20 đến 30 tuổi', '\n- Chế độ lương tháng (tăng lương: 2 lần/năm)', '\n-Lương: 35-40 man ', '\n- Trợ cấp đi lại được trả đầy đủ', '\n- Phụ cấp làm thêm giờ: Có (lương cố định 20 giờ làm thêm)', '\n[Nhận xét về lương] *Thu nhập hàng năm sẽ được xác định dựa trên kinh nghiệm và kỹ năng.', '\n- Bảo hiểm xã hội, y tế, lương hưu phúc lợi, việc làm, bồi thường cho người lao động', '\n- Phúc lợi khác', '\n- Khi làm việc tại cty KH, tiền đi lại công ty sẽ chi trả'],)","(['C#', '.NET', 'Java', 'PHP'],)",1,PL/PM,"[Yêu cầu bắt buộc],
- 5 năm kinh nghiệm phát triển trở lên,
,
[Yêu cầu chào mừng],
- Kinh nghiệm lãnh đạo/ Kinh nghiệm quản lý,
,
▼ Nếu bạn đáp ứng bất kỳ tiêu chí nào trong số này, bạn có thể đăng ký!,
□Tôi chỉ có kinh nghiệm làm SE,
└Hãy cùng nhau phát triển!,
□Tôi muốn thử vai trò lãnh đạo/quản lý,
└Chấp nhận thăng tiến nghề nghiệp!,
□PM/trải nghiệm quy trình ngược dòng,
　└Cựu chiến binh tất nhiên được chào đón!"
Junior,Hava a talk,Tokyo,2023-11-04,Full-time,1,https://devwork.vn/viec-lam/11820/tester,https://devwork.vn/cong-ty/449/hava-a-talk,"(['25-35 triệu'],)","Chúng tôi có thể đảm nhiệm các công việc như phát triển EC Site và dịch vụ Web dành cho BtoC, phát triển hệ thống dựa trên yêu cầu công việc, tạo nội dung Web, phát triển ứng dụng iOS và Android, cũng như thực hiện các loại kiểm thử khác nhau. Chúng tôi sẽ lắng nghe kỹ về những mong muốn và kỹ năng của bạn để giao cho bạn nhiệm vụ phù hợp! Chúng tôi rất hoan nghênh việc phát triển kỹ năng và cung cấp cơ hội thăng tiến, bao gồm cả tham gia vào quy trình phát triển từ giai đoạn đầu và thử sức với việc quản lý trong tương lai.♪,
【Dự án mẫu】,
- Chuyển đổi toàn bộ hệ thống lên đám mây (SaaS) từ on-premise sang cloud,
- Xây dựng trang web hỗ trợ doanh nghiệp gặp gỡ cơ quan địa phương,
- Xây dựng cơ sở dữ liệu thông tin dành cho nhân viên y tế,
- Xây dựng trang web khảo sát cho các phương tiện giao thông,
- Xây dựng công cụ chuyển đổi dữ liệu cho công ty tiếp thị,
Tỷ lệ dự án,
Dự án ký hợp đồng 20%,
Dự án khách hàng 80%,
→ 50%  làm việc tại địa điểm của khách hàng ( làm việc toàn thời gian, Remote  hoặc bán Remote tùy thuộc vào dự án)",Backend,"(['Tuổi từ 20 đến 30 tuổi', '\n- Chế độ lương tháng (tăng lương: 2 lần/năm)', '\n-Lương: 25-30 man ', '\n- Trợ cấp đi lại được trả đầy đủ', '\n- Phụ cấp làm thêm giờ: Có (lương cố định 20 giờ làm thêm)', '\n[Nhận xét về lương] *Thu nhập hàng năm sẽ được xác định dựa trên kinh nghiệm và kỹ năng.', '\n- Bảo hiểm xã hội, y tế, lương hưu phúc lợi, việc làm, bồi thường cho người lao động', '\n- Phúc lợi khác', '\n- Khi làm việc tại cty KH, tiền đi lại công ty sẽ chi trả'],)","(['C#', 'Java', 'PHP'],)",1,Tester,"[Yêu cầu bắt buộc],
- Kinh nghiệm CNTT 1 năm trở lên,
- Không yêu cầu ngoại ngữ,
,
[Yêu cầu chào mừng],
- Kinh nghiệm thiết kế thử nghiệm,
▼ Nếu bất kỳ điều nào trong số này phù hợp, bạn có thể đăng ký!,
□Kinh nghiệm làm việc chỉ giới hạn ở việc kiểm tra, xác minh và đánh giá,
└Dành cho những ai muốn thăng tiến trong sự nghiệp!,
□PM/trải nghiệm quy trình ngược dòng,
　└Cựu chiến binh tất nhiên được chào đón!,
□Chưa có kinh nghiệm về hệ thống web...,
　└Không vấn đề gì miễn là bạn có tinh thần ham học hỏi!"
Fresher,Devwork,Kyoto,2023-11-15,Full-time,1,https://devwork.vn/viec-lam/11849/dev-test-nha12212,https://devwork.vn/cong-ty/360/devwork,"(['Dưới 7 triệu'],)",test nha mn  test nha mn  test nha mn  test nha mn  test nha mn  test nha mn  test nha mn  test nha mn  test nha mn  test nha mn  test nha mn  test nha mn  test nha mn  test nha mn  test nha mn  test nha mn  test nha mn  test nha mn  test nha mn  test nha mn  test nha mn  test nha mn  test nha mn  test nha mn  test nha mn  test nha mn  test nha mn  test nha mn  test nha mn  test nha mn  test nha mn  test nha mn  test nha mn  test nha mn  test nha mn,Fullstack,"(['test nha mn  test nha mn  test nha mn  test nha mn  test nha mn  test nha mn  test nha mn  test nha mn  test nha mn  test nha mn  test nha mn  test nha mn  test nha mn  test nha mn  test nha mn  test nha mn  test nha mn  test nha mn  test nha mn  test nha mn  test nha mn  test nha mn  test nha mn  test nha mn  test nha mn  test nha mn  test nha mn  test nha mn  test nha mn  test nha mn  test nha mn  test nha mn  test nha mn  test nha mn  test nha mn  test nha mn  test nha mn  test nha mn  test nha mn  test nha mn  test nha mn  test nha mn  test nha mn  test nha mn  test nha mn  test nha mn  test nha mn  test nha mn'],)","(['ASP.NET', '\n                      ASP.NET\n                    ', '\n                      C#\n                    '],)",1,dev test nha12212,test nha mn  test nha mn  test nha mn  test nha mn  test nha mn  test nha mn  test nha mn  test nha mn  test nha mn  test nha mn  test nha mn  test nha mn  test nha mn  test nha mn  test nha mn  test nha mn  test nha mn  test nha mn  test nha mn  test nha mn  test nha mn  test nha mn  test nha mn  test nha mn  test nha mn  test nha mn  test nha mn  test nha mn  test nha mn  test nha mn  test nha mn  test nha mn
Middle,Công ty Cổ phần Phần mềm Devwork,Hà Nội,2023-11-16,Full-time,3,https://devwork.vn/viec-lam/11855/ios-developer-(onsite-pham-van-dong),https://devwork.vn/cong-ty/4505/cong-ty-co-phan-phan-mem-devwork,"(['15-25 triệu'],)","Xây dựng phần mềm theo yêu cầu của Công ty và Khách hàng.,
Nghiên cứu và đưa ra kết quả nghiên cứu theo yêu cầu,
Thực hiện các nhiệm vụ khác theo sự phân công của trưởng bộ phận",Mobile Apps,"(['- Không thử việc, hưởng 100% lương chính thức', '\n- Cơ hội onsite và làm việc với khách hàng lớn, công nghệ tiên tiến, khả năng tự phát triển...', '\n- Cơ hội làm việc nhóm với nhiều chuyên gia hàng đầu trong lĩnh vực CNTT trong nước và quốc tế.', '\n- Cơ hội thực hiện các dự án đầy tham vọng ở nhiều quốc gia, tiếp xúc với các công nghệ mới nhất và học hỏi từ những đồng nghiệp giỏi.', '\n- Làm việc trong môi trường trẻ, năng động, hiện đại và đa văn hóa; Các hoạt động truyền thông, sự kiện vào các ngày lễ diễn ra thường xuyên.', '\n- Cơ hội thăng tiến theo năng lực với mức tăng cấp bậc và tăng lương tương ứng.', '\n- Được tham gia các khóa đào tạo kỹ năng mềm (tư duy logic, tư duy sáng tạo, kỹ năng giao tiếp, kỹ năng quản lý dự án, kỹ năng đàm phán…)', '\n- Và nhiều quyền lợi hấp dẫn khác...'],)","(['iOS'],)",1,IOS Developer (Onsite Pham Văn Đồng),"- Từ 2,5 năm kinh nghiêm làm việc với IOS SDK, Xcode ,
- Có kiến thức sâu về OOP, MVC, MVVM, IOS SDK,
- Có kiến thức về UI/ UX, UI Building,
- Có KN làm việc với lập trình giao tiếp giữa moble và server qua TCP/ IP firebase, Websocket, Web service,
- Có KN với swift, có KN về objective C là một lợi thế,
- Có kinh nghiệm đưa app lên store là một lợi thế,
- có kinh nghiệm trong testing,
- Kinh nghiệm với tool, Jira/ Git,
- Có kinh nghiệm code và tối ưu hóa hiệu suất là một lợi thế,
- có kiến thức về common design patterns là một lợi thế"
Senior,Devwork Client,Tokyo,2023-11-15,Full-time,3,https://devwork.vn/viec-lam/11850/remotejp-php-javascript,https://devwork.vn/cong-ty/3128/devwork-client,"(['50-70 triệu'],)","Chịu trách nhiệm thực hiện công việc lập trình trong việc tùy chỉnh phần mềm gói của chúng tôi.,
・ Thường xuyên thực hiện công việc dựa trên tài liệu đặc tả lập trình, nhưng cũng có trường hợp công việc được chỉ định bằng lời.,
・ Phạm vi công việc bao gồm lập trình và kiểm tra độc lập.,
・ Trong quá trình kiểm tra độc lập, bạn sẽ thực hiện công việc dựa trên dữ liệu kiểm tra đã được bàn bạc trước.,
・ Thực hiện công việc lập trình dựa trên quy tắc mã lập trình của bên chuyên nghiệp theo yêu cầu.",Backend,"(['- Tham gia các hoạt động của công ty: Liên hoan tháng, quý, teambuilding, du lịch, nghỉ dưỡng và các hoạt động khác', '\n- Cơ hội làm việc nhóm với nhiều chuyên gia hàng đầu trong lĩnh vực CNTT trong nước và quốc tế.', '\n- Cơ hội triển khai các dự án tham vọng ở nhiều quốc gia, tiếp xúc với những công nghệ mới nhất và học hỏi từ những đồng nghiệp giỏi.', '\n- Làm việc trong môi trường trẻ trung, sôi động, hiện đại và đa văn hóa. Các hoạt động truyền thông, sự kiện vào các dịp lễ diễn ra thường xuyên.', '\n- Được quyền tham gia các khoá đào tạo kỹ năng mềm (tư duy logic, tư duy sáng tạo, kỹ năng giao tiếp, kỹ năng quản trị dự án, kỹ năng đàm phán…) và các lớp học tiếng Nhật.', '\n- Lương: 30-55 man/ tháng'],)","(['CSS3', 'HTML5', 'Javascript'],)",1,"Remote/JP PHP, JavaScript","● Kiến thức liên quan cần thiết sẽ được học trước và trong suốt dự án.,
● Địa điểm làm việc: Hoàn toàn làm việc từ xa,
● Thời gian làm việc: Từ tháng 10 đến cuối tháng 12 năm 2023 (Có thể kéo dài sau đó),
● Tỷ lệ làm việc: 100% (UV bắt buộc ở Tokyo),
● Số lần phỏng vấn: 1-2 lần,
● Có kinh nghiệm Test"
Senior,Công ty Cổ phần Phần mềm Devwork,Hồ Chí Minh,2023-12-03,Full-time,3,https://devwork.vn/viec-lam/11888/senior-php-(onsite-tan-binh)_la,https://devwork.vn/cong-ty/4505/cong-ty-co-phan-phan-mem-devwork,"(['20-25 triệu'],)","- Chịu trách nhiệm hoàn thành công việc, đảm bảo chất lượng.,
- Làm việc, phối hợp công việc theo nhóm dưới sự phân công công việc của cấp trên.,
- Đóng góp ý kiến xây dựng và cải tiến sản phẩm.",Backend,"(['- Không cần thử việc, nhận làm chính thức hưởng 100% lương và được đóng đầy đủ bảo hiểm theo luật lao động Việt Nam (BHXH, BHYT, BHTN) ngay từ ngày onboard.', '\n- Trợ cấp 100k/ngày', '\n- Thưởng theo thâm niên, dự án, lương tháng 13, hiệu quả công việc vào cuối năm.', '\n- Tham gia các hoạt động của công ty: Liên hoan tháng, quý, teambuilding, du lịch, nghỉ dưỡng và các hoạt động khác.', '\n- Làm việc với hệ thống lớn và tiên tiến, có cơ hội phát triển kỹ năng công nghệ toàn diện với các bài toán phức tạp, yêu cầu độ chính xác cao.', '\n- Đánh giá năng lực, hiệu suất làm việc 2 lần trong năm.', '\n- Cơ hội thăng tiến dựa trên năng lực tương ứng với tăng bậc và tăng lương tương xứng.', '\n- Cơ hội triển khai các dự án tham vọng ở nhiều quốc gia, tiếp xúc với những công nghệ mới nhất và học hỏi từ những đồng nghiệp giỏi.', '\n- Được tham gia các khoá đào tạo kỹ năng: AWS, Microservice, ngoại ngữ (tiếng Anh, tiếng Nhật)…'],)","(['PHP'],)",1,Senior PHP (onsite Tân Bình)_LA,"- Từ 3 năm kinh nghiệm PHP ,
- Có kinh nghiệm Drupal,
- English (Reading, Writing, Speaking)"
